,Slide ID,Object ID,Object Group,Surface,Perimeter,Convex hull surface,Convex hull perimeter,Circularity,Form factor,Convexity,Roughness,Density,Load,Proximity,centroid-0,centroid-1
0,wsi_009_stratifiad,1,Neuritic plaques,34542.0,838.0,35083.0,712.714112586378,0.6181150337506544,2140.1471132662823,0.9845794259327879,1.1757870164222937,5.788168269679915e-07,0.010521504147607658,486.42826153145876,90574.05025765735,4637.509032482196
1,wsi_009_stratifiad,2,Neuritic plaques,22876.0,712.0,23514.0,588.7509539803316,0.5670612418217406,1684.386322425169,0.9728672280343625,1.2093398663499844,5.788168269679915e-07,0.010521504147607658,486.42826153145876,90087.62235530687,4636.917905228187
2,wsi_009_stratifiad,3,Neuritic plaques,48177.0,1140.0,53330.0,852.3578917945111,0.46584336494920114,3212.4829170981507,0.9033752109506844,1.3374663518394858,5.788168269679915e-07,0.010521504147607658,240.60338196496372,90984.33867820744,4982.2253668763105
3,wsi_009_stratifiad,4,Neuritic plaques,14624.0,568.0,15600.0,459.47606331240354,0.5696123160843227,594.8984628708325,0.9374358974358974,1.236190620911213,5.788168269679915e-07,0.010521504147607658,1816.2504874261808,86940.95404814005,5777.326039387309
4,wsi_009_stratifiad,5,Neuritic plaques,17076.0,630.0,17478.0,485.75962815677065,0.5406483865225428,1452.453395270741,0.9769996567112942,1.2969377516829748,5.788168269679915e-07,0.010521504147607658,508.1078645674986,92299.73699929725,3477.072909346451
5,wsi_009_stratifiad,6,Neuritic plaques,14315.0,576.0,14708.5,461.1781846373109,0.5421959253971099,1285.112428448888,0.9732467620763504,1.2489749497864684,5.788168269679915e-07,0.010521504147607658,508.1078645674986,92001.21477471184,3888.239643730353
6,wsi_009_stratifiad,7,Neuritic plaques,13680.0,568.0,14544.0,441.0667784569163,0.5328430309103894,626.9205139103411,0.9405940594059405,1.2877868561925314,5.788168269679915e-07,0.010521504147607658,672.1582358453156,91334.70643274854,3975.20701754386
7,wsi_009_stratifiad,8,Neuritic plaques,40027.0,904.0,40797.5,738.5942507109003,0.6154971471201672,2476.632703705158,0.9811140388504197,1.2239467056911097,5.788168269679915e-07,0.010521504147607658,1183.6648617760416,93185.39414645114,4262.358795313164
8,wsi_009_stratifiad,9,Neuritic plaques,7856.0,424.0,8488.0,333.17868733499324,0.5491356329343497,402.4341841446117,0.9255419415645617,1.2725904030400685,5.788168269679915e-07,0.010521504147607658,240.60338196496372,91212.8350305499,4906.863543788188
9,wsi_009_stratifiad,10,Neuritic plaques,20920.0,678.0,21365.0,546.1201671496336,0.571889544235592,1677.873600586672,0.9791715422419845,1.2414850078485238,5.788168269679915e-07,0.010521504147607658,788.0738110564583,91161.20205544934,5750.196510516253
10,wsi_009_stratifiad,11,Neuritic plaques,22638.0,690.0,23159.5,555.4194577817041,0.5975162738245389,1636.1981317005918,0.977482242708176,1.242304334737927,5.788168269679915e-07,0.010521504147607658,578.536011373322,92682.64347557204,6012.251391465677
11,wsi_009_stratifiad,12,Neuritic plaques,19767.0,680.0,20130.0,531.6493366700279,0.5371960379196319,1656.4548833452989,0.9819672131147541,1.2790385562392736,5.788168269679915e-07,0.010521504147607658,564.796237013223,92068.77636970709,6009.412278039156
12,wsi_009_stratifiad,13,Neuritic plaques,14215.0,558.0,14586.5,445.3407856033585,0.5737045974586518,1167.438433410734,0.9745312446440202,1.2529730445506089,5.788168269679915e-07,0.010521504147607658,578.536011373322,93260.98343299332,6027.311607456912
13,wsi_009_stratifiad,14,Neuritic plaques,25403.0,804.0,27240.5,623.5149069003066,0.4938360323948758,1996.2983338874362,0.9325452910188873,1.2894639584431795,5.788168269679915e-07,0.010521504147607658,1746.9627338393882,90166.54621501398,7311.477325512735
14,wsi_009_stratifiad,15,Neuritic plaques,7984.0,448.0,9200.0,357.11427945515624,0.49988990246852893,404.8240454184569,0.8678260869565217,1.2545003820163863,5.788168269679915e-07,0.010521504147607658,1816.2504874261808,87674.60120240481,7438.809619238477
15,wsi_009_stratifiad,16,Neuritic plaques,8560.0,440.0,9224.0,355.0943208496222,0.5556205188993518,405.79385255907937,0.9280138768430182,1.2391073981336194,5.788168269679915e-07,0.010521504147607658,844.6311352709776,89641.17009345794,9307.016822429907
16,wsi_009_stratifiad,17,Neuritic plaques,5248.0,432.0,6744.0,307.76579772079685,0.35337530534206174,361.0577712198427,0.7781731909845789,1.4036647450731599,5.788168269679915e-07,0.010521504147607658,844.6311352709776,90463.62195121951,9499.30487804878
17,wsi_009_stratifiad,18,Neuritic plaques,14682.0,540.0,14991.5,458.6305593130306,0.6327141747600185,1089.1074504617554,0.9793549678150952,1.1774182706203669,5.788168269679915e-07,0.010521504147607658,349.19214539403555,89297.65597330064,10107.490260182536
18,wsi_009_stratifiad,19,Neuritic plaques,11264.0,592.0,13224.0,436.0039883553281,0.40388627248488207,579.8715459600132,0.8517846339987901,1.3577857446513553,5.788168269679915e-07,0.010521504147607658,564.796237013223,91825.18181818182,6518.977272727273
19,wsi_009_stratifiad,20,Neuritic plaques,23903.0,748.0,24429.5,590.7054383564309,0.5368575681228862,2003.227737425109,0.9784481876419903,1.266282568992801,5.788168269679915e-07,0.010521504147607658,514.98254601202,93347.40699912145,6737.900326318872
20,wsi_009_stratifiad,21,Neuritic plaques,17165.0,598.0,17570.0,475.81950003767264,0.603186070612955,1322.706524362245,0.9769493454752419,1.2567790936534837,5.788168269679915e-07,0.010521504147607658,514.98254601202,93474.11870084475,7237.050771919604
21,wsi_009_stratifiad,22,Neuritic plaques,15081.0,558.0,15435.0,458.3147183901812,0.6086555775078387,1178.7568039572584,0.9770651117589894,1.2175039936748284,5.788168269679915e-07,0.010521504147607658,628.2905813101682,94058.34636297327,7468.193786884159
22,wsi_009_stratifiad,23,Neuritic plaques,6432.0,440.0,7584.0,317.0753039191934,0.417494296443999,390.3135083952017,0.8481012658227848,1.3876829717149273,5.788168269679915e-07,0.010521504147607658,542.1404337608717,91902.11940298507,7510.636815920398
23,wsi_009_stratifiad,24,Neuritic plaques,16670.0,594.0,17272.5,479.3638294766533,0.5937075529179773,1122.2662129247217,0.9651179620784484,1.2391423037664338,5.788168269679915e-07,0.010521504147607658,265.21483598511344,92643.50779844032,7674.007078584284
24,wsi_009_stratifiad,25,Neuritic plaques,10416.0,512.0,11416.0,387.95106646890827,0.4993107464567762,528.3672568422273,0.9124036440084092,1.319754072749877,5.788168269679915e-07,0.010521504147607658,265.21483598511344,92389.09062980031,7748.912442396313
25,wsi_009_stratifiad,26,Neuritic plaques,5616.0,408.0,6736.0,306.43989431393527,0.42395194979239426,344.81664567621414,0.833729216152019,1.3314193340049272,5.788168269679915e-07,0.010521504147607658,646.8615706830499,93563.91452991453,8086.524216524216
26,wsi_009_stratifiad,27,Neuritic plaques,13824.0,560.0,14816.0,443.0956611944946,0.5539461332044043,616.1794835168292,0.9330453563714903,1.2638354401628655,5.788168269679915e-07,0.010521504147607658,436.60292536468455,94044.82870370371,8519.13425925926
27,wsi_009_stratifiad,28,Neuritic plaques,14880.0,584.0,15784.0,454.37960049869054,0.5482606807728481,666.3772873022177,0.94272681196148,1.2852689675307793,5.788168269679915e-07,0.010521504147607658,436.60292536468455,93746.85161290322,8838.245161290322
28,wsi_009_stratifiad,29,Neuritic plaques,9346.0,446.0,9713.0,361.9734151811027,0.5904266110408455,812.6580813575767,0.9622155873571502,1.2321346852968664,5.788168269679915e-07,0.010521504147607658,659.1603670799537,93933.71453028034,9470.364326984807
29,wsi_009_stratifiad,30,Neuritic plaques,22737.0,708.0,23197.0,593.6996822708621,0.5700021718269903,1709.9117292610233,0.9801698495495107,1.1925221136921393,5.788168269679915e-07,0.010521504147607658,349.19214539403555,89404.51090733166,10439.931499318292
30,wsi_009_stratifiad,31,Neuritic plaques,13764.0,560.0,14217.0,448.0267082524716,0.5515418531123714,1181.8822630381749,0.9681367377083773,1.2499254836486875,5.788168269679915e-07,0.010521504147607658,1139.0763295418199,89943.8019471084,11524.355129322872
31,wsi_009_stratifiad,32,Neuritic plaques,17728.0,624.0,18728.0,495.8162125493989,0.5721375181093837,736.7836569158952,0.9466040153780436,1.2585308511625766,5.788168269679915e-07,0.010521504147607658,750.7342960814385,88813.58122743682,11666.115523465704
32,wsi_009_stratifiad,33,Neuritic plaques,6000.0,416.0,6952.0,309.49432366096045,0.4356868509971052,345.52756631884455,0.8630609896432682,1.3441280443505406,5.788168269679915e-07,0.010521504147607658,750.7342960814385,88385.136,12282.586666666666
33,wsi_009_stratifiad,34,Neuritic plaques,5353.0,336.0,5481.5,272.59785274644776,0.595838487622809,575.4104965240919,0.9765575116300282,1.2325849107568894,5.788168269679915e-07,0.010521504147607658,637.5857570298393,87632.94591817672,13264.762656454324
34,wsi_009_stratifiad,35,Neuritic plaques,18708.0,630.0,19000.5,499.13877366978534,0.592319630772062,1466.6618089162585,0.9846056682718876,1.262174035024553,5.788168269679915e-07,0.010521504147607658,1103.2539628100847,89283.39934787256,13574.81109685696
35,wsi_009_stratifiad,36,Neuritic plaques,15072.0,552.0,15848.0,455.81047463691823,0.6215879604456176,606.7690236108526,0.9510348308934882,1.2110296509524112,5.788168269679915e-07,0.010521504147607658,637.5857570298393,88180.27600849257,13591.787685774947
36,wsi_009_stratifiad,37,Neuritic plaques,8672.0,480.0,9728.0,374.45148355306077,0.47298422729046324,446.6188103514891,0.8914473684210527,1.2818750120721119,5.788168269679915e-07,0.010521504147607658,507.6788244721584,93094.17712177122,10659.675276752767
37,wsi_009_stratifiad,38,Neuritic plaques,21589.0,710.0,22226.0,556.1452475251912,0.5381776933017263,1685.8695863456417,0.9713398722217224,1.2766449109462898,5.788168269679915e-07,0.010521504147607658,445.6335235065654,93160.53409143546,11162.998772523044
38,wsi_009_stratifiad,39,Neuritic plaques,5056.0,496.0,7224.0,321.97476590581016,0.2582578768299622,367.252767091972,0.6998892580287929,1.5404933942714591,5.788168269679915e-07,0.010521504147607658,445.6335235065654,93605.78481012658,11144.531645569621
39,wsi_009_stratifiad,40,Neuritic plaques,12480.0,528.0,13296.0,428.11404646415957,0.5625441390725524,543.255465893243,0.9386281588447654,1.2333162258066732,5.788168269679915e-07,0.010521504147607658,1017.1303800940008,92143.41538461538,11167.871794871795
40,wsi_009_stratifiad,41,Neuritic plaques,14352.0,576.0,15200.0,445.4546844248056,0.5435973399440672,644.5151364986855,0.9442105263157895,1.2930608210883703,5.788168269679915e-07,0.010521504147607658,680.8958155504406,94719.46711259754,12149.638795986622
41,wsi_009_stratifiad,42,Neuritic plaques,11324.0,504.0,11676.0,398.4396925392158,0.5602071556004475,1031.9319781458871,0.9698526892771497,1.2649342157355334,5.788168269679915e-07,0.010521504147607658,413.75164454346987,92121.95584599081,12360.545566937479
42,wsi_009_stratifiad,43,Neuritic plaques,15065.0,608.0,16709.5,484.2713989945926,0.5121201234237603,1278.0681095024306,0.9015829318651066,1.2554943390468307,5.788168269679915e-07,0.010521504147607658,430.0956965421004,93154.65373382012,12420.590607368073
43,wsi_009_stratifiad,44,Neuritic plaques,9856.0,456.0,10400.0,372.2922153867365,0.5956359109299207,451.28553783474354,0.9476923076923077,1.2248443055042342,5.788168269679915e-07,0.010521504147607658,487.2683376106394,91638.94155844155,12424.792207792209
44,wsi_009_stratifiad,45,Neuritic plaques,46302.0,1094.0,47876.0,840.2721545034184,0.486155239469784,3441.2109418990426,0.9671234021221489,1.301959126143516,5.788168269679915e-07,0.010521504147607658,680.8958155504406,95062.64740184009,12737.725864973436
45,wsi_009_stratifiad,46,Neuritic plaques,17659.0,670.0,18321.0,514.9901808563038,0.4943406965448176,1543.9089576052925,0.9638666011680586,1.3009956789582908,5.788168269679915e-07,0.010521504147607658,221.853666629844,93647.56942635484,12749.522141684127
46,wsi_009_stratifiad,47,Neuritic plaques,10450.0,500.0,10724.0,398.68199968706034,0.5252742916802134,1038.3565211541854,0.9744498321521821,1.2541323671308655,5.788168269679915e-07,0.010521504147607658,143.7554182962802,92306.41942583732,12730.901626794259
47,wsi_009_stratifiad,48,Neuritic plaques,12794.0,566.0,13278.0,465.7798123277112,0.5018608848909065,1230.726305469107,0.9635487272179545,1.2151664477930966,5.788168269679915e-07,0.010521504147607658,430.0956965421004,92955.227528529,12801.656870408004
48,wsi_009_stratifiad,49,Neuritic plaques,11632.0,552.0,12912.0,416.30032249921777,0.4797180968619575,607.1097398009008,0.9008674101610905,1.325965823629736,5.788168269679915e-07,0.010521504147607658,221.853666629844,93449.64786795048,12849.752407152682
49,wsi_009_stratifiad,50,Neuritic plaques,16837.0,610.0,17170.0,498.6359729889222,0.5686105402686519,1350.4576132458772,0.9806057076295865,1.2233373303244446,5.788168269679915e-07,0.010521504147607658,143.7554182962802,92284.34225218269,12872.951683791649
50,wsi_009_stratifiad,51,Neuritic plaques,24224.0,816.0,26880.0,626.6944227424325,0.45716755839436246,977.0893540010294,0.9011904761904762,1.302069988797987,5.788168269679915e-07,0.010521504147607658,250.85827545260338,94436.2219286658,13291.545574636724
51,wsi_009_stratifiad,52,Neuritic plaques,10273.0,448.0,10495.0,369.2913591217514,0.6432075360795588,852.0660205998316,0.9788470700333493,1.2131342608866709,5.788168269679915e-07,0.010521504147607658,250.85827545260338,94526.86717609267,13525.454346344788
52,wsi_009_stratifiad,53,Neuritic plaques,10120.0,460.0,10318.0,370.64719775250614,0.6010003337302213,927.6812753001497,0.9808102345415778,1.2410723803911174,5.788168269679915e-07,0.010521504147607658,356.3548246547332,94817.06432806324,13732.274011857708
53,wsi_009_stratifiad,54,Neuritic plaques,18160.0,664.0,19464.0,517.2357184242236,0.517594376807144,790.9637103339368,0.9330045211672832,1.2837473831523059,5.788168269679915e-07,0.010521504147607658,1019.8143428615722,92077.340969163,13871.536563876653
54,wsi_009_stratifiad,55,Neuritic plaques,10085.0,476.0,10290.5,378.6483058001229,0.5593348264856484,910.0680549605397,0.9800301248724552,1.2571032081978102,5.788168269679915e-07,0.010521504147607658,515.943708532519,93115.1977689638,13978.572087258304
55,wsi_009_stratifiad,56,Neuritic plaques,13895.0,578.0,14334.5,489.11102077050003,0.5226521464258111,1280.71937353688,0.96933970490774,1.1817357930096781,5.788168269679915e-07,0.010521504147607658,515.943708532519,93598.09690536164,14160.248542641239
56,wsi_009_stratifiad,57,Neuritic plaques,36511.0,980.0,39797.0,770.0391446893505,0.47772881872226963,2602.214983078366,0.917430962132824,1.2726625740505075,5.788168269679915e-07,0.010521504147607658,309.5282078588586,95024.11863547972,14302.22208375558
57,wsi_009_stratifiad,58,Neuritic plaques,11008.0,488.0,11640.0,388.4534324337237,0.5808695903439338,509.6608625694563,0.9457044673539519,1.256263838222772,5.788168269679915e-07,0.010521504147607658,197.10363131125482,94516.01744186046,14388.843023255815
58,wsi_009_stratifiad,59,Neuritic plaques,50382.0,1072.0,52547.0,846.5447740002157,0.5509290803671508,3095.584457468608,0.9587987896549756,1.2663240420638717,5.788168269679915e-07,0.010521504147607658,607.5976396601425,95893.07546345917,12996.00095272121
59,wsi_009_stratifiad,60,Neuritic plaques,20176.0,664.0,21312.0,529.4422467044012,0.5750541930870561,806.8377167421647,0.9466966966966966,1.2541500118911464,5.788168269679915e-07,0.010521504147607658,413.7519263213461,95556.98493259319,13502.18080888184
60,wsi_009_stratifiad,61,Neuritic plaques,18337.0,664.0,19360.5,512.9329581579827,0.5226392118674339,1533.4508873322425,0.9471346297874539,1.294516153503805,5.788168269679915e-07,0.010521504147607658,234.6286007080579,95929.45560887823,13682.336996237116
61,wsi_009_stratifiad,62,Neuritic plaques,11824.0,512.0,12624.0,406.2444566368975,0.5668059011237444,536.7267680567326,0.9366286438529785,1.2603248896947463,5.788168269679915e-07,0.010521504147607658,234.6286007080579,96164.08389715833,13682.719891745603
62,wsi_009_stratifiad,63,Neuritic plaques,14507.0,548.0,14924.5,451.3983237159282,0.6070526483247259,1134.0267429895796,0.9720258635130156,1.214005394368422,5.788168269679915e-07,0.010521504147607658,309.5282078588586,95325.55183704419,14231.89615358103
63,wsi_009_stratifiad,64,Neuritic plaques,14578.0,556.0,14908.0,447.85502987671293,0.5925953328506807,1193.2084003685452,0.9778642339683391,1.2414731618690484,5.788168269679915e-07,0.010521504147607658,757.1273312714937,96447.4345589244,14384.82686239539
64,wsi_009_stratifiad,65,Neuritic plaques,10125.0,460.0,10431.0,369.7511128708347,0.6012972706540011,875.5141037073672,0.9706643658326143,1.244080096009588,5.788168269679915e-07,0.010521504147607658,2120.9032975602554,89053.95590123457,18249.2144691358
65,wsi_009_stratifiad,66,Neuritic plaques,10827.0,488.0,11185.0,387.5682154667333,0.571318591447472,997.8798049984042,0.9679928475637014,1.2591331810125879,5.788168269679915e-07,0.010521504147607658,197.10363131125482,94366.79906714695,14517.62080908839
66,wsi_009_stratifiad,67,Neuritic plaques,29340.0,788.0,29897.5,630.6124632856013,0.593769025588939,2017.4208389710975,0.9813529559327703,1.2495788552836113,5.788168269679915e-07,0.010521504147607658,465.8360176381394,94994.60507839128,15240.40361281527
67,wsi_009_stratifiad,68,Neuritic plaques,16128.0,632.0,17184.0,486.4948524549156,0.507406728860521,738.1293666904855,0.9385474860335196,1.299088771054507,5.788168269679915e-07,0.010521504147607658,1640.3441064375959,93025.09523809524,15697.257936507936
68,wsi_009_stratifiad,69,Neuritic plaques,16128.0,616.0,17000.0,467.25895294104885,0.5341078419326213,736.1201073873798,0.9487058823529412,1.3183267995674273,5.788168269679915e-07,0.010521504147607658,623.5354952347222,94874.88095238095,16755.369047619046
69,wsi_009_stratifiad,70,Neuritic plaques,17658.0,584.0,18071.0,491.93026298506726,0.6506174127074564,1237.4147618235413,0.9771457030601516,1.1871601402529033,5.788168269679915e-07,0.010521504147607658,237.00246365357748,94038.28836787859,17373.687280552724
70,wsi_009_stratifiad,71,Neuritic plaques,12262.0,498.0,12455.5,401.6475901081109,0.6213159322965444,1040.1725619897838,0.9844646943117499,1.239892911758674,5.788168269679915e-07,0.010521504147607658,237.00246365357748,93802.19067036372,17394.376529114335
71,wsi_009_stratifiad,72,Neuritic plaques,47647.0,1084.0,49642.0,854.8749325192892,0.5095500645606434,3265.142826571983,0.9598122557511785,1.2680217406837355,5.788168269679915e-07,0.010521504147607658,217.5161018545293,95107.55706550255,17333.86566835268
72,wsi_009_stratifiad,73,Neuritic plaques,37516.0,950.0,39195.0,736.163524857785,0.5223711467792784,2587.008926358613,0.9571629034315602,1.2904741513558755,5.788168269679915e-07,0.010521504147607658,450.48477143563713,94661.53984966414,17484.464601769912
73,wsi_009_stratifiad,74,Neuritic plaques,15968.0,608.0,16960.0,471.5747488339065,0.5428167361985134,689.8139579954832,0.9415094339622642,1.289297193082202,5.788168269679915e-07,0.010521504147607658,985.548488791601,92857.90380761524,17676.56112224449
74,wsi_009_stratifiad,75,Neuritic plaques,16219.0,594.0,16492.5,473.3342621534208,0.5776450390387926,1376.714246910154,0.98341670456268,1.2549271149263816,5.788168269679915e-07,0.010521504147607658,292.07713411724535,94447.75581108576,17880.99065910352
75,wsi_009_stratifiad,76,Neuritic plaques,9499.0,436.0,9683.5,360.73034282896873,0.6279351194438483,821.0565751755989,0.9809469716528115,1.2086590681026201,5.788168269679915e-07,0.010521504147607658,529.0377753926227,95028.11753868828,17902.66843878303
76,wsi_009_stratifiad,77,Neuritic plaques,11058.0,478.0,11497.5,398.5829167182332,0.6081779304178135,920.1509623404622,0.9617742987606002,1.199248587811174,5.788168269679915e-07,0.010521504147607658,610.8953289407194,93739.29028757461,18159.439139084825
77,wsi_009_stratifiad,78,Neuritic plaques,10224.0,488.0,10920.0,376.9241604252306,0.5394995177758338,516.8072662097056,0.9362637362637363,1.2946901558378698,5.788168269679915e-07,0.010521504147607658,292.07713411724535,94381.29264475743,18165.40532081377
78,wsi_009_stratifiad,79,Neuritic plaques,9408.0,436.0,9589.0,356.2254694699507,0.6219195287638409,842.2826658824096,0.9811242048180207,1.2239439269986803,5.788168269679915e-07,0.010521504147607658,465.8360176381394,95226.46885629251,14836.370960884355
79,wsi_009_stratifiad,80,Neuritic plaques,20552.0,656.0,21028.0,539.0526927049565,0.6001451165282703,1512.503422320908,0.9773635153129161,1.216949676493042,5.788168269679915e-07,0.010521504147607658,198.59431715274664,96192.54345075905,15216.514743090696
80,wsi_009_stratifiad,81,Neuritic plaques,6400.0,384.0,6984.0,305.53621908208777,0.545415391248228,335.0987436562538,0.9163802978235968,1.2568068072375784,5.788168269679915e-07,0.010521504147607658,198.59431715274664,96083.6,15382.56
81,wsi_009_stratifiad,82,Neuritic plaques,85394.0,1510.0,95031.5,1154.7082674813873,0.47063403019279293,4721.525228965451,0.8985862582406886,1.3076896065649237,5.788168269679915e-07,0.010521504147607658,1490.3678083947793,97227.74683233014,16337.611951659368
82,wsi_009_stratifiad,83,Neuritic plaques,7536.0,576.0,9408.0,356.1022827088579,0.2854340547532393,458.364679405638,0.8010204081632653,1.6175127989025728,5.788168269679915e-07,0.010521504147607658,209.34668716337418,95661.40552016985,16368.174097664543
83,wsi_009_stratifiad,84,Neuritic plaques,18979.0,674.0,19881.5,528.8289984271537,0.525004948291177,1557.4904533263798,0.9546060407916908,1.2745140716651597,5.788168269679915e-07,0.010521504147607658,209.34668716337418,95687.437035671,16575.896016649982
84,wsi_009_stratifiad,85,Neuritic plaques,10256.0,504.0,11384.0,387.45499480576393,0.5073723585162654,527.6098075327933,0.9009135628952917,1.3007962389352123,5.788168269679915e-07,0.010521504147607658,484.4199206396526,95700.51482059283,17087.485179407176
85,wsi_009_stratifiad,86,Neuritic plaques,9111.0,452.0,9320.5,360.67320001232275,0.5604011799447217,867.1884333014467,0.9775226650930744,1.2532120489810636,5.788168269679915e-07,0.010521504147607658,217.5161018545293,95318.79755240917,17385.73773460652
86,wsi_009_stratifiad,87,Neuritic plaques,24080.0,702.0,24596.5,576.2041541350178,0.614033580071933,1676.0046773468534,0.9790010773890594,1.2183181862925365,5.788168269679915e-07,0.010521504147607658,280.3388297006693,95512.12117940199,17588.754568106313
87,wsi_009_stratifiad,88,Neuritic plaques,8768.0,464.0,9520.0,360.60593405192174,0.511769552368373,449.0360509876442,0.9210084033613445,1.286723140649125,5.788168269679915e-07,0.010521504147607658,320.28483199934806,96042.7299270073,18338.328467153286
88,wsi_009_stratifiad,89,Neuritic plaques,18663.0,620.0,18995.5,503.5827357466259,0.6101097158579221,1411.850112320744,0.9824958542812772,1.23117802893058,5.788168269679915e-07,0.010521504147607658,238.71804148777102,95177.45349086428,18410.19158227509
89,wsi_009_stratifiad,90,Neuritic plaques,8462.0,432.0,8613.0,344.3268470135463,0.5697907457706796,845.9457168165081,0.9824683617787066,1.254621891225939,5.788168269679915e-07,0.010521504147607658,3050.67359838609,86257.10765776412,20875.193216733634
90,wsi_009_stratifiad,91,Neuritic plaques,5936.0,368.0,6424.0,290.39739850443954,0.5508179936114429,339.36034820738547,0.9240348692403487,1.2672289830942618,5.788168269679915e-07,0.010521504147607658,374.1691276993943,90623.45552560646,19675.714285714286
91,wsi_009_stratifiad,92,Neuritic plaques,14472.0,574.0,15083.5,464.4932286298239,0.5519689310632822,1232.5445087157357,0.9594590115026354,1.2357553665382863,5.788168269679915e-07,0.010521504147607658,374.1691276993943,90983.6344665561,19777.07338308458
92,wsi_009_stratifiad,93,Neuritic plaques,27154.0,770.0,27958.5,613.0504236610266,0.5755223944380317,1931.5400149033258,0.9712252087916018,1.2560141389377057,5.788168269679915e-07,0.010521504147607658,882.7216852241196,89996.10926566989,20296.708845842233
93,wsi_009_stratifiad,94,Neuritic plaques,4560.0,360.0,5264.0,272.63197663103927,0.4421500771718968,306.12349584123274,0.8662613981762918,1.3204613943257228,5.788168269679915e-07,0.010521504147607658,884.048553838009,89410.44912280701,21431.866666666665
94,wsi_009_stratifiad,95,Neuritic plaques,18736.0,720.0,20232.0,561.898852243346,0.4541734564634133,856.4573239957477,0.9260577303281929,1.2813694086141039,5.788168269679915e-07,0.010521504147607658,884.048553838009,88998.32450896669,22213.97608881298
95,wsi_009_stratifiad,96,Neuritic plaques,9872.0,496.0,10672.0,380.9546036783202,0.5042566772281223,519.0857373562023,0.9250374812593704,1.301992403322745,5.788168269679915e-07,0.010521504147607658,610.8953289407194,93984.9627228525,18718.7585089141
96,wsi_009_stratifiad,97,Neuritic plaques,10384.0,520.0,11288.0,393.77872348260024,0.4825783744804203,557.5494613471805,0.9199149539333806,1.3205385892896702,5.788168269679915e-07,0.010521504147607658,1110.7129194326337,92551.91063174114,19070.73343605547
97,wsi_009_stratifiad,98,Neuritic plaques,10032.0,496.0,11008.0,388.0640185506094,0.5124293948493237,503.56692834275646,0.9113372093023255,1.278139627199975,5.788168269679915e-07,0.010521504147607658,525.504285136935,94564.99202551834,19081.094098883572
98,wsi_009_stratifiad,99,Neuritic plaques,12368.0,504.0,12960.0,410.90216301407867,0.611854653873749,533.3563526390863,0.9543209876543209,1.2265693524293557,5.788168269679915e-07,0.010521504147607658,531.0639331270876,95036.49417852523,19478.263906856402
99,wsi_009_stratifiad,100,Neuritic plaques,57005.0,1156.0,59498.0,928.3015422004995,0.5360522779237741,3322.2006597417303,0.9580994319136777,1.2452850151037678,5.788168269679915e-07,0.010521504147607658,613.2673519036745,91563.47344092623,19577.364573283045
100,wsi_009_stratifiad,101,Neuritic plaques,11952.0,544.0,13176.0,424.46042165298286,0.5075194014341642,526.9762953185873,0.907103825136612,1.2816271488434476,5.788168269679915e-07,0.010521504147607658,300.4268299601307,94289.49129852744,19528.591700133868
101,wsi_009_stratifiad,102,Neuritic plaques,13967.0,622.0,16010.5,492.3078036860864,0.4536618169031404,1309.3208979168235,0.8723650104618844,1.2634372141632964,5.788168269679915e-07,0.010521504147607658,300.4268299601307,94125.69954177705,19780.441934560033
102,wsi_009_stratifiad,103,Neuritic plaques,39172.0,1018.0,42030.5,825.4129348885152,0.47499611097077504,2927.1342533748125,0.9319898645031585,1.2333220827675746,5.788168269679915e-07,0.010521504147607658,664.9674914259059,91844.91478607168,20179.836592464006
103,wsi_009_stratifiad,104,Neuritic plaques,14608.0,592.0,15648.0,457.1095000332645,0.5237900096288315,668.4017888089312,0.9335378323108384,1.2950945013326551,5.788168269679915e-07,0.010521504147607658,970.364870415746,93256.7426067908,21029.180722891568
104,wsi_009_stratifiad,105,Neuritic plaques,16675.0,612.0,17231.5,477.23845704378357,0.5594649226644646,1369.7017648433614,0.9677044946754491,1.2823777945117547,5.788168269679915e-07,0.010521504147607658,970.364870415746,94225.30155922039,21088.354512743626
105,wsi_009_stratifiad,106,Neuritic plaques,65045.0,1480.0,74483.5,1154.4827287529556,0.3731645254798176,4850.932761323392,0.8732806594749173,1.281959411899267,5.788168269679915e-07,0.010521504147607658,557.0072078309602,95219.80741794143,21228.638550234453
106,wsi_009_stratifiad,107,Neuritic plaques,6624.0,464.0,8352.0,351.0214715328314,0.3866288224096832,387.0792520996205,0.7931034482758621,1.3218564607282195,5.788168269679915e-07,0.010521504147607658,604.1496458183576,94059.77777777778,22090.299516908213
107,wsi_009_stratifiad,108,Neuritic plaques,13264.0,696.0,15584.0,460.4598048471398,0.3440851248283708,696.811006965639,0.851129363449692,1.5115325869346037,5.788168269679915e-07,0.010521504147607658,524.2941906656159,94328.75512665862,22631.268998793726
108,wsi_009_stratifiad,109,Neuritic plaques,23620.0,804.0,26151.5,629.2718203721926,0.45917439220434464,1874.375415938814,0.9031986692923925,1.2776672559792392,5.788168269679915e-07,0.010521504147607658,320.28483199934806,95858.7065622354,18600.46922099915
109,wsi_009_stratifiad,110,Neuritic plaques,38195.0,940.0,40017.0,792.1746638057862,0.5432011380890093,2403.260431131143,0.9544693505260264,1.1866069983657739,5.788168269679915e-07,0.010521504147607658,238.71804148777102,95170.91521141511,18648.82006807174
110,wsi_009_stratifiad,111,Neuritic plaques,28688.0,832.0,30552.0,641.6818687223231,0.520791015891873,1059.0528980227202,0.9389892642052894,1.2965926583785614,5.788168269679915e-07,0.010521504147607658,1089.9958020078457,97629.62744004461,18853.08533184607
111,wsi_009_stratifiad,112,Neuritic plaques,5888.0,384.0,6712.0,301.63717166846334,0.5017821599483697,313.5770774949037,0.8772348033373063,1.2730526475764188,5.788168269679915e-07,0.010521504147607658,312.6062073951931,95085.16304347826,18949.434782608696
112,wsi_009_stratifiad,113,Neuritic plaques,19120.0,766.0,22358.5,624.9119874454575,0.40948708857949023,1837.5235091984214,0.8551557573182459,1.2257726134063907,5.788168269679915e-07,0.010521504147607658,571.3075301929736,95739.36908995816,19159.173849372386
113,wsi_009_stratifiad,114,Neuritic plaques,20767.0,678.0,21120.5,546.8840801302099,0.5677069868614024,1636.2441088798469,0.9832627068487962,1.239750844161659,5.788168269679915e-07,0.010521504147607658,594.2006103536528,96392.00065006982,19180.67397794578
114,wsi_009_stratifiad,115,Neuritic plaques,9232.0,448.0,9848.0,358.523326060681,0.5780290054596017,452.7510471224153,0.9374492282696995,1.2495700207918268,5.788168269679915e-07,0.010521504147607658,235.16287063240057,96285.41767764298,19765.237435008665
115,wsi_009_stratifiad,116,Neuritic plaques,15289.0,600.0,15742.5,468.42480287339794,0.5336867786748261,1388.29098195866,0.9711926314117834,1.28088862143827,5.788168269679915e-07,0.010521504147607658,235.16287063240057,96050.90656681274,19782.73356661652
116,wsi_009_stratifiad,117,Neuritic plaques,12208.0,544.0,13288.0,428.665362148701,0.5183899642493539,563.7154326125693,0.9187236604455148,1.2690551839159103,5.788168269679915e-07,0.010521504147607658,298.39552374224905,97171.61467889909,19842.183486238533
117,wsi_009_stratifiad,118,Neuritic plaques,13487.0,566.0,13904.0,441.97988999488234,0.529044689270256,1259.3247845790845,0.9700086306098964,1.2806012508997948,5.788168269679915e-07,0.010521504147607658,298.39552374224905,96873.52950989842,19855.789389782753
118,wsi_009_stratifiad,119,Neuritic plaques,10560.0,488.0,11248.0,380.8050686922528,0.557229548876448,511.6524799138755,0.9388335704125178,1.2814955475143024,5.788168269679915e-07,0.010521504147607658,409.40806835330307,95734.63030303031,20389.17575757576
119,wsi_009_stratifiad,120,Neuritic plaques,64698.0,1188.0,67906.0,950.3604289472248,0.5760601568489395,3518.849919005293,0.9527582246046005,1.2500520474279677,5.788168269679915e-07,0.010521504147607658,477.0283576512359,96656.53956845652,20619.35964017435
120,wsi_009_stratifiad,121,Neuritic plaques,28416.0,768.0,29600.0,620.0655228475182,0.605411084285533,991.8334268553917,0.96,1.2385787819215046,5.788168269679915e-07,0.010521504147607658,477.0283576512359,97133.56756756757,20618.774774774774
121,wsi_009_stratifiad,122,Neuritic plaques,15472.0,592.0,16360.0,464.2521834399091,0.554769922575115,660.3799618751606,0.945721271393643,1.2751690161444895,5.788168269679915e-07,0.010521504147607658,409.40806835330307,96085.59462254395,20599.981385729057
122,wsi_009_stratifiad,123,Neuritic plaques,16112.0,614.0,17050.5,486.217398616293,0.5370597124069088,1318.5387610449093,0.944957625876074,1.2628096027566238,5.788168269679915e-07,0.010521504147607658,455.89697196441654,95403.86314548164,20702.919500993048
123,wsi_009_stratifiad,124,Neuritic plaques,45035.0,1352.0,58218.5,1020.81769656336,0.30960406050737094,4192.80939139138,0.7735513625393989,1.3244284503996981,5.788168269679915e-07,0.010521504147607658,553.2540255868503,97322.13619407128,21138.901576551572
124,wsi_009_stratifiad,125,Neuritic plaques,23957.0,752.0,24790.5,569.6805989193438,0.5323614701367324,1911.757547114959,0.9663782497327605,1.3200379325301006,5.788168269679915e-07,0.010521504147607658,313.4018072517006,96212.23018324497,21186.46902784155
125,wsi_009_stratifiad,126,Neuritic plaques,17873.0,632.0,18325.5,505.25081319851773,0.5623065764461862,1425.866254683596,0.9753076314425254,1.250863894704275,5.788168269679915e-07,0.010521504147607658,258.327516353709,96048.7828847983,21453.874475465786
126,wsi_009_stratifiad,127,Neuritic plaques,12754.0,534.0,13110.0,428.3360975658414,0.5620484605462865,1113.8170733190343,0.9728451563691838,1.2466845615735587,5.788168269679915e-07,0.010521504147607658,258.327516353709,95790.50980084679,21448.57166379175
127,wsi_009_stratifiad,128,Neuritic plaques,16208.0,592.0,17016.0,468.89892113132584,0.5811602187886159,689.0441625437952,0.9525152797367183,1.262532228847242,5.788168269679915e-07,0.010521504147607658,537.5706404144929,97005.99210266535,21633.90918065153
128,wsi_009_stratifiad,129,Neuritic plaques,13055.0,534.0,13431.0,427.38111385432285,0.575313050998257,1155.6330291344775,0.9720050629141538,1.249470280013401,5.788168269679915e-07,0.010521504147607658,292.0865273750702,95985.34611260054,21849.66798161624
129,wsi_009_stratifiad,130,Neuritic plaques,39597.0,1012.0,40818.0,793.1017668673679,0.4858599740044175,2798.739190326507,0.9700867264442158,1.2760027051726879,5.788168269679915e-07,0.010521504147607658,537.5706404144929,96569.63960653584,21947.881619819684
130,wsi_009_stratifiad,131,Neuritic plaques,9568.0,480.0,10352.0,367.3013809834462,0.5218534463463045,502.30574961417227,0.9242658423493045,1.3068287375201373,5.788168269679915e-07,0.010521504147607658,292.0865273750702,96054.82274247492,22133.371237458196
131,wsi_009_stratifiad,132,Neuritic plaques,15831.0,566.0,16178.0,465.764037248768,0.6209910636789073,1228.7158167664993,0.9785511188033131,1.2152076045701554,5.788168269679915e-07,0.010521504147607658,250.3697503577526,96015.18997536479,22493.295338260374
132,wsi_009_stratifiad,133,Neuritic plaques,27261.0,752.0,27747.5,614.3892434855998,0.6057814433108261,1811.9243353667541,0.9824668889089108,1.2239797619725508,5.788168269679915e-07,0.010521504147607658,411.9983574635643,96723.56096621547,22524.013480796744
133,wsi_009_stratifiad,134,Neuritic plaques,22402.0,684.0,22672.0,555.9795207359132,0.6017061542501841,1688.1623494163991,0.988091037402964,1.2302611418036309,5.788168269679915e-07,0.010521504147607658,286.7067514238515,95529.54749575931,22580.2144897777
134,wsi_009_stratifiad,135,Neuritic plaques,11059.0,506.0,11513.5,402.3115307073535,0.5427810644760819,987.8383656639761,0.9605246015546967,1.257731785888262,5.788168269679915e-07,0.010521504147607658,249.9414180633045,86250.34193869247,24661.30377972692
135,wsi_009_stratifiad,136,Neuritic plaques,6185.0,376.0,6351.0,305.7620360830781,0.5497609371449997,674.6231397459089,0.9738623838765549,1.2297144695158875,5.788168269679915e-07,0.010521504147607658,211.1591605228614,86370.5658043654,24880.431447049312
136,wsi_009_stratifiad,137,Neuritic plaques,10739.0,526.0,11168.5,412.6859722669441,0.4877555481053766,1045.4266953459776,0.9615436271656892,1.274576882540023,5.788168269679915e-07,0.010521504147607658,2096.1251302514243,84087.66062948132,24952.04567464382
137,wsi_009_stratifiad,138,Neuritic plaques,11374.0,496.0,11716.5,399.8352800938678,0.5809780638971499,995.7247746488848,0.9707677207357146,1.2405108420736557,5.788168269679915e-07,0.010521504147607658,211.1591605228614,86183.61746087568,24978.60735009671
138,wsi_009_stratifiad,139,Neuritic plaques,14097.0,598.0,14889.5,474.14376354698857,0.49537512597907535,1178.1314580280598,0.9467745726854495,1.2612208489814651,5.788168269679915e-07,0.010521504147607658,1788.7467931285394,87757.29790026246,23697.613570263176
139,wsi_009_stratifiad,140,Neuritic plaques,11828.0,564.0,13067.5,444.17236714730063,0.4672646987910577,1122.952655100604,0.9051463554620242,1.269777324560492,5.788168269679915e-07,0.010521504147607658,719.2047868091965,90930.99129184984,23946.1974129185
140,wsi_009_stratifiad,141,Neuritic plaques,16014.0,602.0,16585.0,475.53432485470904,0.5552859764747292,1323.620855394234,0.9655712993668978,1.2659443672839605,5.788168269679915e-07,0.010521504147607658,719.2047868091965,90237.0641938304,24135.196640439615
141,wsi_009_stratifiad,142,Neuritic plaques,17991.0,612.0,18330.0,499.6765993458323,0.6036181963212223,1384.8266850522105,0.981505728314239,1.224792197195585,5.788168269679915e-07,0.010521504147607658,201.51257307070185,89300.97584903563,25861.77908398644
142,wsi_009_stratifiad,143,Neuritic plaques,9138.0,424.0,9272.0,352.53182456913976,0.638747634133667,797.4982395459201,0.9855478861087144,1.202728294156727,5.788168269679915e-07,0.010521504147607658,201.51257307070185,89438.29634493325,26009.25924710002
143,wsi_009_stratifiad,144,Neuritic plaques,9680.0,464.0,10488.0,369.60466488884856,0.5650010569030395,459.42210022274213,0.9229595728451564,1.2553954104976977,5.788168269679915e-07,0.010521504147607658,670.7795001440087,88392.16859504132,26215.474380165288
144,wsi_009_stratifiad,145,Neuritic plaques,14656.0,576.0,15760.0,455.4049455175803,0.5551116648704186,637.8867240668966,0.9299492385786802,1.2648083989192522,5.788168269679915e-07,0.010521504147607658,367.7068879888935,89316.02183406113,26410.475982532753
145,wsi_009_stratifiad,146,Neuritic plaques,14800.0,568.0,15752.0,454.9324976831965,0.5764676065404798,620.4701821531175,0.9395632300660234,1.2485368772128054,5.788168269679915e-07,0.010521504147607658,367.7068879888935,88974.88648648649,26547.716756756756
146,wsi_009_stratifiad,147,Neuritic plaques,38894.0,970.0,41391.5,765.2233120869786,0.5194562851258218,2800.4725446072694,0.9396615247091794,1.2676038284230233,5.788168269679915e-07,0.010521504147607658,685.6411334186755,93585.55846660153,22897.637733326475
147,wsi_009_stratifiad,148,Neuritic plaques,13392.0,584.0,14616.0,444.9965361842543,0.4934346126955633,664.9298512288881,0.916256157635468,1.31236976585856,5.788168269679915e-07,0.010521504147607658,524.2941906656159,94779.63440860216,22898.83632019116
148,wsi_009_stratifiad,149,Neuritic plaques,5680.0,384.0,6248.0,291.89179416957165,0.4840561597328023,358.83063996396567,0.9090909090909091,1.3155559959897982,5.788168269679915e-07,0.010521504147607658,620.8854309378453,92992.68169014085,23242.02253521127
149,wsi_009_stratifiad,150,Neuritic plaques,4672.0,344.0,5200.0,268.60693387436714,0.49613037038843677,305.21557310969877,0.8984615384615384,1.2806817569381723,5.788168269679915e-07,0.010521504147607658,620.8854309378453,92378.78082191781,23334.890410958906
150,wsi_009_stratifiad,151,Neuritic plaques,6723.0,382.0,6886.0,309.95133549078616,0.5789569203169919,690.6965772463611,0.9763287830380483,1.232451537578084,5.788168269679915e-07,0.010521504147607658,907.7170107182181,91775.62687788189,24278.67432693738
151,wsi_009_stratifiad,152,Neuritic plaques,27367.0,792.0,27844.5,611.7321022868443,0.5482601657406888,2152.798881896567,0.9828511914381656,1.2946843839635984,5.788168269679915e-07,0.010521504147607658,526.5810877704354,95022.26807834253,24812.930408886616
152,wsi_009_stratifiad,153,Neuritic plaques,15216.0,576.0,16000.0,456.31403963625644,0.5763222634189609,647.0707162038494,0.951,1.262288577531275,5.788168269679915e-07,0.010521504147607658,950.6249191210018,93936.96950578339,25350.11356466877
153,wsi_009_stratifiad,154,Neuritic plaques,15648.0,600.0,16584.0,469.5065060010654,0.5462182427041453,684.0793104791729,0.9435600578871202,1.2779375628048026,5.788168269679915e-07,0.010521504147607658,1024.7237783518997,91429.41922290389,25519.13701431493
154,wsi_009_stratifiad,155,Neuritic plaques,31769.0,1188.0,46220.0,813.4002814891855,0.2828658555586565,2889.438592217183,0.6873431414971873,1.4605355161975007,5.788168269679915e-07,0.010521504147607658,243.97082293728752,94652.81354465045,26017.674635651107
155,wsi_009_stratifiad,156,Neuritic plaques,11485.0,510.0,11702.5,415.84593940266006,0.5548818396997889,1068.2521666163593,0.9814142277291177,1.2264157267775346,5.788168269679915e-07,0.010521504147607658,243.97082293728752,94448.6705703091,26151.268828907272
156,wsi_009_stratifiad,157,Neuritic plaques,27500.0,810.0,28746.5,642.5883035302845,0.5267111597239403,1806.5491092399886,0.9566381994329745,1.2605271455300082,5.788168269679915e-07,0.010521504147607658,881.8858520519566,91182.95109090909,26513.7788
157,wsi_009_stratifiad,158,Neuritic plaques,12678.0,526.0,12954.0,415.43146688641946,0.575823152889465,1111.6157746212282,0.9786938397406206,1.2661534860184542,5.788168269679915e-07,0.010521504147607658,250.3697503577526,96072.74664773623,22736.95953620445
158,wsi_009_stratifiad,159,Neuritic plaques,30934.0,812.0,31580.0,645.6340573604635,0.5895679775422036,2156.7431445308835,0.9795440151994933,1.2576783872271051,5.788168269679915e-07,0.010521504147607658,286.7067514238515,95330.29042477533,22786.363418891833
159,wsi_009_stratifiad,160,Neuritic plaques,13456.0,544.0,14288.0,429.2997834135102,0.5713839579734031,576.7199793197024,0.9417693169092946,1.2671797681202372,5.788168269679915e-07,0.010521504147607658,326.51957439602603,96397.01545778835,22775.23186682521
160,wsi_009_stratifiad,161,Neuritic plaques,94715.0,1554.0,97784.0,1238.2533247672857,0.4928634340652135,4852.277465940247,0.9686144972592653,1.254993601807655,5.788168269679915e-07,0.010521504147607658,476.42211576444595,97323.5384627567,22978.63220714776
161,wsi_009_stratifiad,162,Neuritic plaques,15632.0,584.0,16544.0,468.8762983238434,0.5759684786183576,643.7243159401222,0.9448742746615088,1.2455310752275284,5.788168269679915e-07,0.010521504147607658,397.2948204156964,95544.9273285568,23120.68986693961
162,wsi_009_stratifiad,163,Neuritic plaques,24284.0,700.0,24786.0,566.53201900851,0.6227790693859145,1709.80456192898,0.9797466311627532,1.2355877099851706,5.788168269679915e-07,0.010521504147607658,559.465997150541,96441.29834458903,23336.849901169495
163,wsi_009_stratifiad,164,Neuritic plaques,22293.0,734.0,23880.5,626.8475670897831,0.5199795456680001,1693.8619553588182,0.9335231674378677,1.1709385798650942,5.788168269679915e-07,0.010521504147607658,476.42211576444595,97000.70930336877,23329.002534427847
164,wsi_009_stratifiad,165,Neuritic plaques,34496.0,848.0,35560.0,687.1812462480061,0.60281895346561,1175.6576505546223,0.9700787401574803,1.2340266918372127,5.788168269679915e-07,0.010521504147607658,385.3016930624336,96787.9517625232,23933.43970315399
165,wsi_009_stratifiad,166,Neuritic plaques,15616.0,648.0,16680.0,468.25070841212937,0.4673364471732416,729.1680765653574,0.93621103117506,1.3838740408902166,5.788168269679915e-07,0.010521504147607658,503.1344690510204,96048.07786885246,24067.602459016394
166,wsi_009_stratifiad,167,Neuritic plaques,20528.0,736.0,22600.0,552.0296913157324,0.47621259151177986,891.4643905622804,0.9083185840707965,1.333261619036803,5.788168269679915e-07,0.010521504147607658,385.3016930624336,96528.20109119252,24218.02182385035
167,wsi_009_stratifiad,168,Neuritic plaques,11632.0,536.0,12528.0,407.85881806205145,0.5087854442325194,580.3677990569792,0.9284802043422733,1.3141802414541721,5.788168269679915e-07,0.010521504147607658,526.5810877704354,95351.1334250344,24401.669876203578
168,wsi_009_stratifiad,169,Neuritic plaques,27616.0,784.0,28680.0,613.1767272166081,0.5645969304556417,1047.5695650848215,0.9629009762900976,1.2785873390185725,5.788168269679915e-07,0.010521504147607658,523.326716721662,96083.17497103129,24821.57126303592
169,wsi_009_stratifiad,170,Neuritic plaques,16592.0,632.0,17584.0,476.8883886635922,0.5220047399090876,718.5325735246483,0.9435850773430391,1.325257680882281,5.788168269679915e-07,0.010521504147607658,303.49638327602014,96694.91803278688,24804.129218900674
170,wsi_009_stratifiad,171,Neuritic plaques,21654.0,668.0,22068.5,539.291607659253,0.6098107436698464,1560.3275209600797,0.9812175725581711,1.2386619604547422,5.788168269679915e-07,0.010521504147607658,303.49638327602014,96544.87951417752,25067.94449062529
171,wsi_009_stratifiad,172,Neuritic plaques,11054.0,460.0,11217.0,383.81984802153715,0.6564681510922793,885.7500905125729,0.9854684853347597,1.198478927994855,5.788168269679915e-07,0.010521504147607658,329.3920423482648,96299.04649900488,25413.142663289305
172,wsi_009_stratifiad,173,Neuritic plaques,69544.0,1224.0,70892.0,966.9504799760415,0.5833197688422417,3637.1690466386226,0.9809851605258704,1.265835247354474,5.788168269679915e-07,0.010521504147607658,880.3508291618494,97258.878019671,25582.94324456459
173,wsi_009_stratifiad,174,Neuritic plaques,30065.0,826.0,30625.0,635.9812531866819,0.5537464787281225,2201.574271993216,0.9817142857142858,1.298780421374372,5.788168269679915e-07,0.010521504147607658,258.5646799081928,96006.99782138699,25565.480076500913
174,wsi_009_stratifiad,175,Neuritic plaques,7520.0,416.0,8216.0,332.4119587521697,0.5460608532497052,358.3827972331393,0.9152872444011685,1.2514591880557147,5.788168269679915e-07,0.010521504147607658,258.5646799081928,95808.4085106383,25731.063829787236
175,wsi_009_stratifiad,176,Neuritic plaques,20389.0,654.0,20987.5,524.0354342394942,0.5990323730142645,1478.3282097267124,0.9714830256104824,1.2480072095680261,5.788168269679915e-07,0.010521504147607658,413.2337132939288,96147.84165481386,26151.66960125558
176,wsi_009_stratifiad,177,Neuritic plaques,18435.0,654.0,19161.5,549.1106108229053,0.541623512507625,1551.8426879562985,0.9620854317250738,1.1910168682042146,5.788168269679915e-07,0.010521504147607658,413.2337132939288,96092.27043666938,26561.1496880933
177,wsi_009_stratifiad,178,Neuritic plaques,10877.0,478.0,11176.5,390.6895212085733,0.5982231279756338,969.8175880602556,0.9732027020981524,1.2234779128995763,5.788168269679915e-07,0.010521504147607658,3554.4974175596385,80438.82398639331,29779.73710581962
178,wsi_009_stratifiad,179,Neuritic plaques,24160.0,744.0,25816.0,587.4824208248158,0.5484801603561784,888.2552404847322,0.9358537341183762,1.2664208725691504,5.788168269679915e-07,0.010521504147607658,1170.2655202459553,84841.05695364239,29067.443708609273
179,wsi_009_stratifiad,180,Neuritic plaques,21840.0,720.0,23176.0,553.3556862245745,0.5294165397716133,893.7333363323296,0.9423541594753193,1.3011522569008072,5.788168269679915e-07,0.010521504147607658,1167.9316603755615,86005.84468864469,29180.54065934066
180,wsi_009_stratifiad,181,Neuritic plaques,7104.0,424.0,7848.0,333.4480564422761,0.49657071491415744,401.1502262463899,0.9051987767584098,1.2715623672360483,5.788168269679915e-07,0.010521504147607658,1872.6380811987567,84158.57657657658,30811.288288288288
181,wsi_009_stratifiad,182,Neuritic plaques,20336.0,656.0,21320.0,530.2741286703586,0.5938376357395341,750.6370340722221,0.9538461538461539,1.237095993434366,5.788168269679915e-07,0.010521504147607658,881.8858520519566,90738.71754523997,27275.60503540519
182,wsi_009_stratifiad,183,Neuritic plaques,7248.0,432.0,7840.0,324.3973162439368,0.4880457723169329,444.3921934062871,0.9244897959183673,1.3317002896384915,5.788168269679915e-07,0.010521504147607658,1167.9316603755615,87155.43046357617,28974.344370860927
183,wsi_009_stratifiad,184,Neuritic plaques,6563.0,378.0,6783.5,306.0988397578388,0.5772031182080516,633.0631233140425,0.9674946561509545,1.234895239390792,5.788168269679915e-07,0.010521504147607658,404.25479789602366,94181.14650312357,27093.077175072376
184,wsi_009_stratifiad,185,Neuritic plaques,12288.0,528.0,13088.0,412.90523640926216,0.5538896138560517,554.2151668792637,0.9388753056234719,1.278743773248394,5.788168269679915e-07,0.010521504147607658,404.25479789602366,94323.80729166667,27471.322916666668
185,wsi_009_stratifiad,186,Neuritic plaques,15232.0,600.0,16264.0,468.6919635387395,0.5316971033275525,665.2888588914807,0.9365469749139204,1.2801584978540117,5.788168269679915e-07,0.010521504147607658,501.4939943101051,93912.90336134454,27758.819327731093
186,wsi_009_stratifiad,187,Neuritic plaques,10368.0,520.0,11728.0,402.04793523963684,0.48183480225471853,495.6799758996198,0.8840381991814461,1.293378113458185,5.788168269679915e-07,0.010521504147607658,501.8708043941033,93041.73456790124,28002.876543209877
187,wsi_009_stratifiad,188,Neuritic plaques,12800.0,552.0,13776.0,431.6241168660597,0.5278878644973397,598.466869926815,0.9291521486643438,1.278890540241279,5.788168269679915e-07,0.010521504147607658,501.8708043941033,92923.66,28490.66
188,wsi_009_stratifiad,189,Neuritic plaques,31669.0,854.0,32541.0,691.8879076819269,0.5456679834065626,2135.4660054339015,0.9732030361697551,1.2343039826511881,5.788168269679915e-07,0.010521504147607658,554.8358270842951,93538.32765480438,28549.792462660647
189,wsi_009_stratifiad,190,Neuritic plaques,8896.0,480.0,9832.0,365.81486513934357,0.4852015320544236,467.9630548260813,0.9048006509357202,1.3121391330479746,5.788168269679915e-07,0.010521504147607658,493.3988336098876,92498.94964028777,28789.201438848922
190,wsi_009_stratifiad,191,Neuritic plaques,4592.0,352.0,5088.0,262.5684707245276,0.4657216382129497,299.4591997385017,0.9025157232704403,1.3406026969982205,5.788168269679915e-07,0.010521504147607658,450.74915009683923,93364.22996515679,29076.606271777004
191,wsi_009_stratifiad,192,Neuritic plaques,9207.0,446.0,9472.5,352.04251910562493,0.5816453892417146,897.7817778625183,0.9719714964370546,1.2668924229183367,5.788168269679915e-07,0.010521504147607658,461.53220428113224,92695.5055392636,29241.758824807213
192,wsi_009_stratifiad,193,Neuritic plaques,12737.0,544.0,13123.0,431.24515711864234,0.5408529631916792,1151.8621447511634,0.9705859940562371,1.2614634414325423,5.788168269679915e-07,0.010521504147607658,761.7357702614445,94687.22921410065,29465.87921017508
193,wsi_009_stratifiad,194,Neuritic plaques,10296.0,480.0,10545.0,390.7094739713357,0.5615596868291756,991.0527039075922,0.9763869132290185,1.228534325316143,5.788168269679915e-07,0.010521504147607658,450.74915009683923,93323.23329448329,29525.48717948718
194,wsi_009_stratifiad,195,Neuritic plaques,4810.0,324.0,5010.0,257.7641094562222,0.5757910632436711,529.5016116386839,0.9600798403193613,1.2569632005150317,5.788168269679915e-07,0.010521504147607658,461.53220428113224,92498.11621621622,29658.951143451144
195,wsi_009_stratifiad,196,Neuritic plaques,32322.0,936.0,35397.0,731.9931847873503,0.46361384026101843,2393.2736063123257,0.9131282312060344,1.278700429802383,5.788168269679915e-07,0.010521504147607658,820.3247361425607,92125.9298620135,30617.48997586783
196,wsi_009_stratifiad,197,Neuritic plaques,30823.0,864.0,31874.0,665.9914124887574,0.5188684754458065,2323.7407741458906,0.967026416515028,1.2973140250732365,5.788168269679915e-07,0.010521504147607658,744.9748130153423,93555.90271874898,30810.01169581157
197,wsi_009_stratifiad,198,Neuritic plaques,8245.0,418.0,8435.0,337.40586468722734,0.5929908067317105,780.5453797476033,0.977474807350326,1.2388640617953774,5.788168269679915e-07,0.010521504147607658,909.0670298013476,96732.47319587629,27298.2153426319
198,wsi_009_stratifiad,199,Neuritic plaques,33134.0,880.0,34921.5,684.9319818078268,0.5376731972316333,2369.1679248460346,0.9488137680225649,1.2847991090696418,5.788168269679915e-07,0.010521504147607658,927.356362163238,95239.49583509385,27617.966409126577
199,wsi_009_stratifiad,200,Neuritic plaques,67814.0,1342.0,71518.0,1062.6416505769678,0.4731776186765271,4302.0435002413,0.9482088425291535,1.2628904572593713,5.788168269679915e-07,0.010521504147607658,542.4975719643667,96891.45848939747,28193.27206771463
200,wsi_009_stratifiad,201,Neuritic plaques,12019.0,528.0,12385.0,417.24979204806476,0.5417642634225166,1113.5563265797346,0.9704481227291077,1.2654290309129201,5.788168269679915e-07,0.010521504147607658,263.98303610527614,95738.39674681754,28413.343913803146
201,wsi_009_stratifiad,202,Neuritic plaques,12784.0,520.0,13592.0,422.5515458665056,0.5941142083356792,531.7068656714963,0.9405532666274279,1.2306190927160416,5.788168269679915e-07,0.010521504147607658,263.98303610527614,95829.82478097623,28660.9887359199
202,wsi_009_stratifiad,203,Neuritic plaques,5632.0,376.0,6280.0,297.36874323647635,0.5006068873081064,321.0557275878176,0.8968152866242038,1.2644234088213964,5.788168269679915e-07,0.010521504147607658,230.39309323064714,96601.76136363637,28651.94318181818
203,wsi_009_stratifiad,204,Neuritic plaques,12582.0,512.0,12979.5,417.6340149278754,0.6031420710367855,1031.854250234629,0.9693747833121461,1.2259537817780992,5.788168269679915e-07,0.010521504147607658,230.39309323064714,96681.25846447305,28868.18653632173
204,wsi_009_stratifiad,205,Neuritic plaques,10768.0,496.0,11616.0,390.120403547659,0.5500238959068499,517.4002725205836,0.9269972451790633,1.2714023555022962,5.788168269679915e-07,0.010521504147607658,260.87442169680753,96427.63447251114,28929.263001485884
205,wsi_009_stratifiad,206,Neuritic plaques,8800.0,472.0,9896.0,363.83966998324104,0.4963734442615301,440.5242061434784,0.889248181083266,1.2972747035026198,5.788168269679915e-07,0.010521504147607658,604.8037204386777,95370.32,29802.967272727274
206,wsi_009_stratifiad,207,Neuritic plaques,35136.0,920.0,37656.0,723.4709089506223,0.5216587876962712,1234.4899188759568,0.9330783938814532,1.2716475377488758,5.788168269679915e-07,0.010521504147607658,809.4394685391766,96345.65755919855,30037.061930783242
207,wsi_009_stratifiad,208,Neuritic plaques,103978.0,1548.0,107588.0,1185.5432958052947,0.545267246451134,5654.421047222386,0.9664460720526453,1.3057304659198483,5.788168269679915e-07,0.010521504147607658,604.8037204386777,95603.81321048683,30360.881657658352
208,wsi_009_stratifiad,209,Neuritic plaques,15744.0,664.0,17512.0,486.53492422365196,0.4487338033288368,730.4160596986501,0.8990406578346277,1.3647530052637502,5.788168269679915e-07,0.010521504147607658,2144.3027634649593,80363.24390243902,33333.43089430894
209,wsi_009_stratifiad,210,Neuritic plaques,7024.0,416.0,7680.0,318.8046685365514,0.5100440735672778,382.2902660551366,0.9145833333333333,1.3048742413642072,5.788168269679915e-07,0.010521504147607658,608.5091069774722,82670.32801822324,33388.92482915718
210,wsi_009_stratifiad,211,Neuritic plaques,13627.0,532.0,13855.5,423.2340350727307,0.6050438562166899,1151.1087282091082,0.983508354083216,1.2569877559789784,5.788168269679915e-07,0.010521504147607658,744.4373992077997,86523.76234681148,32627.192302047406
211,wsi_009_stratifiad,212,Neuritic plaques,24302.0,778.0,24913.5,611.520346655483,0.5045366120204013,1863.8216552707381,0.9754550745579705,1.272238943896184,5.788168269679915e-07,0.010521504147607658,642.0306041843877,84275.11381779278,32955.234548596825
212,wsi_009_stratifiad,213,Neuritic plaques,40477.0,982.0,43583.0,816.4453268978893,0.5274668922036745,2670.5336107685657,0.9287336805635225,1.2027749656319806,5.788168269679915e-07,0.010521504147607658,744.4373992077997,86019.62851742965,33174.94783457272
213,wsi_009_stratifiad,214,Neuritic plaques,13765.0,602.0,14639.0,478.9867366821715,0.4773018275368208,1284.3183873774822,0.9402964683380012,1.2568197695199506,5.788168269679915e-07,0.010521504147607658,300.80765785757814,84449.16974209953,33573.22146749001
214,wsi_009_stratifiad,215,Neuritic plaques,7024.0,408.0,7704.0,318.97127359217546,0.5302418973186925,390.31562920164436,0.9117341640706127,1.279112051079726,5.788168269679915e-07,0.010521504147607658,608.5091069774722,83236.39635535308,33612.19589977221
215,wsi_009_stratifiad,216,Neuritic plaques,10969.0,494.0,11217.0,393.64758335704175,0.5648368243574955,980.0179835185872,0.9778907016136221,1.2549295890175394,5.788168269679915e-07,0.010521504147607658,300.80765785757814,84686.67567690765,33757.818807548545
216,wsi_009_stratifiad,217,Neuritic plaques,30303.0,804.0,30842.5,657.1623565438636,0.5890923626997568,2146.8461827592187,0.9825079030558482,1.2234419576744815,5.788168269679915e-07,0.010521504147607658,461.832517008996,84139.0187935188,33915.413902913904
217,wsi_009_stratifiad,218,Neuritic plaques,6128.0,424.0,7120.0,313.5006501536985,0.42834816173901413,388.65474578618887,0.8606741573033708,1.3524692844883337,5.788168269679915e-07,0.010521504147607658,309.64729116297906,84464.0365535248,34487.25326370757
218,wsi_009_stratifiad,219,Neuritic plaques,4896.0,408.0,6064.0,294.12646547682266,0.36959913571644626,338.17809576040537,0.8073878627968337,1.3871584093548721,5.788168269679915e-07,0.010521504147607658,309.64729116297906,84772.74509803922,34511.34640522876
219,wsi_009_stratifiad,220,Neuritic plaques,44535.0,1026.0,46305.5,795.7709317255429,0.5316387143912141,3021.9307109402876,0.9617648011575299,1.289315755446395,5.788168269679915e-07,0.010521504147607658,879.0880290617976,89186.56253508477,32432.169697990346
220,wsi_009_stratifiad,221,Neuritic plaques,14498.0,596.0,15347.0,450.6237417749652,0.5128914270950049,1280.1068173696651,0.9446797419691145,1.3226111825631095,5.788168269679915e-07,0.010521504147607658,732.9619990174593,88814.90005518003,33228.82694164712
221,wsi_009_stratifiad,222,Neuritic plaques,10662.0,484.0,11045.0,386.9886718221368,0.5719496768078405,963.871000303778,0.9653236758714351,1.2506826045348698,5.788168269679915e-07,0.010521504147607658,161.5631845060272,90265.10438942038,33822.89917463891
222,wsi_009_stratifiad,223,Neuritic plaques,13895.0,536.0,14146.5,427.47889969764987,0.6077694074631067,1146.0379737341843,0.9822217509631358,1.253863057051718,5.788168269679915e-07,0.010521504147607658,161.5631845060272,90396.00723281756,33917.59399064412
223,wsi_009_stratifiad,224,Neuritic plaques,7083.0,380.0,7326.5,310.89290688052614,0.6163961430852217,665.2527093191875,0.9667644850883778,1.2222858469589697,5.788168269679915e-07,0.010521504147607658,452.28055919881257,89050.41670196244,33922.92001976564
224,wsi_009_stratifiad,225,Neuritic plaques,16199.0,644.0,17520.0,512.7362378917337,0.49082461513349274,1495.3129473387812,0.9246004566210045,1.2560064072085015,5.788168269679915e-07,0.010521504147607658,444.4912635031218,90326.96373232915,34356.69019692574
225,wsi_009_stratifiad,226,Neuritic plaques,2320.0,224.0,2544.0,184.8725938081589,0.5810343555746429,156.83396584239838,0.9119496855345912,1.211645249227386,5.788168269679915e-07,0.010521504147607658,452.28055919881257,88893.11724137931,34346.96551724138
226,wsi_009_stratifiad,227,Neuritic plaques,20912.0,704.0,22448.0,548.4581548825275,0.5302248964671823,842.9653848653404,0.9315751960085531,1.2835983816318448,5.788168269679915e-07,0.010521504147607658,750.4317762987399,87873.61132364193,34572.426931905124
227,wsi_009_stratifiad,228,Neuritic plaques,29228.0,844.0,31528.0,682.296431422423,0.5156132503712993,2107.359956382595,0.9270489723420452,1.2369989950562459,5.788168269679915e-07,0.010521504147607658,344.92182609751217,88931.98333789517,34960.65101957027
228,wsi_009_stratifiad,229,Neuritic plaques,14493.0,676.0,15986.0,530.4297783388325,0.3985426134280739,1475.5037564178408,0.9066057800575503,1.2744382529145617,5.788168269679915e-07,0.010521504147607658,506.0125374470162,91199.02004415925,31237.515386738425
229,wsi_009_stratifiad,230,Neuritic plaques,44005.0,976.0,45030.0,769.7466260777027,0.5805134066834303,2812.950782382408,0.9772373972906951,1.2679496953085403,5.788168269679915e-07,0.010521504147607658,312.62386779262374,92488.19694352914,31353.489455743664
230,wsi_009_stratifiad,231,Neuritic plaques,7024.0,398.0,7414.5,317.695934120609,0.5572219590115075,710.0764936809288,0.9473329287207499,1.2527702033759884,5.788168269679915e-07,0.010521504147607658,337.2266058134268,91677.4575740319,31402.276480637815
231,wsi_009_stratifiad,232,Neuritic plaques,12029.0,526.0,12361.0,425.58530887760566,0.54634616706952,1101.8080963186305,0.9731413316074751,1.2359449187454745,5.788168269679915e-07,0.010521504147607658,144.7744253298884,93933.38128689001,31452.271302685178
232,wsi_009_stratifiad,233,Neuritic plaques,12839.0,510.0,13086.5,411.3748790026432,0.6202984710409742,1059.5388488915992,0.9810873801245559,1.2397451230771996,5.788168269679915e-07,0.010521504147607658,144.7744253298884,93990.17365059584,31585.441350572473
233,wsi_009_stratifiad,234,Neuritic plaques,9952.0,504.0,11016.0,380.4320751172457,0.49233324024511244,479.0978099188828,0.9034132171387074,1.3248094284496694,5.788168269679915e-07,0.010521504147607658,172.19263974344778,92692.10932475884,31590.45659163987
234,wsi_009_stratifiad,235,Neuritic plaques,3392.0,296.0,3864.0,235.51073131981383,0.48649937367497165,228.04819914236433,0.8778467908902692,1.2568429401972525,5.788168269679915e-07,0.010521504147607658,172.19263974344778,92864.11320754717,31582.396226415094
235,wsi_009_stratifiad,236,Neuritic plaques,11344.0,504.0,12304.0,405.4342013126977,0.5611965712761813,487.5002450240728,0.9219765929778934,1.2431117018943396,5.788168269679915e-07,0.010521504147607658,305.3899419955,93689.76304654442,31640.36389280677
236,wsi_009_stratifiad,237,Neuritic plaques,14704.0,592.0,15880.0,468.9894041273775,0.5272322221784185,636.3183677943321,0.9259445843828715,1.2622886461614233,5.788168269679915e-07,0.010521504147607658,337.2266058134268,91480.61153427638,31676.08922742111
237,wsi_009_stratifiad,238,Neuritic plaques,8016.0,496.0,9184.0,362.1918975755147,0.40945315282218686,445.50044708842205,0.872822299651568,1.3694398006144992,5.788168269679915e-07,0.010521504147607658,486.2375888366869,92595.29341317365,32066.958083832335
238,wsi_009_stratifiad,239,Neuritic plaques,8400.0,456.0,9168.0,348.760802994972,0.5076442422698189,451.9659369501924,0.9162303664921466,1.3074863805912675,5.788168269679915e-07,0.010521504147607658,639.6500635617032,93666.75428571428,32279.6
239,wsi_009_stratifiad,240,Neuritic plaques,7424.0,384.0,7864.0,322.6554346505158,0.6326818538479445,335.9726184185164,0.9440488301119023,1.1901240728082871,5.788168269679915e-07,0.010521504147607658,1132.5272133829817,94955.2672413793,32291.83620689655
240,wsi_009_stratifiad,241,Neuritic plaques,11088.0,520.0,12264.0,402.5735827255602,0.5152955524112962,533.6181694898318,0.9041095890410958,1.2916893266553235,5.788168269679915e-07,0.010521504147607658,591.1477574165834,93157.09956709956,32692.79365079365
241,wsi_009_stratifiad,242,Neuritic plaques,20672.0,728.0,22408.0,553.0711666946213,0.49015067122787254,870.4634015717335,0.9225276686897537,1.316286300641606,5.788168269679915e-07,0.010521504147607658,856.4085856661088,93909.49226006192,33101.86687306502
242,wsi_009_stratifiad,243,Neuritic plaques,13833.0,574.0,14444.5,466.27951128074284,0.5275971685598662,1216.6959786158716,0.9576655474402022,1.231021278252991,5.788168269679915e-07,0.010521504147607658,591.1477574165834,92739.35230969421,33111.05541097376
243,wsi_009_stratifiad,244,Neuritic plaques,20768.0,696.0,22032.0,540.9500528082551,0.5387484825418881,865.7050681994435,0.9426289034132171,1.2866252556716244,5.788168269679915e-07,0.010521504147607658,479.35474526502423,92244.4437596302,34074.43759630201
244,wsi_009_stratifiad,245,Neuritic plaques,14112.0,568.0,15080.0,447.3459505369647,0.5496696529391386,611.6527955901444,0.9358090185676392,1.269710834127838,5.788168269679915e-07,0.010521504147607658,479.35474526502423,91899.01587301587,34406.793650793654
245,wsi_009_stratifiad,246,Neuritic plaques,3760.0,336.0,4456.0,255.10487499710862,0.41852283083537495,279.1807415715917,0.8438061041292639,1.3171053669743011,5.788168269679915e-07,0.010521504147607658,1317.8370290863836,94222.88510638298,34381.89787234043
246,wsi_009_stratifiad,247,Neuritic plaques,81114.0,1312.0,82094.5,1037.8628734594954,0.5921585609925325,4431.730329420554,0.9880564471432313,1.264136172080929,5.788168269679915e-07,0.010521504147607658,859.9926391182265,96484.62070665976,31021.453990679784
247,wsi_009_stratifiad,248,Neuritic plaques,24878.0,778.0,25911.0,614.761131270639,0.5164950141487755,1892.4290043466715,0.9601327621473505,1.2655321887250182,5.788168269679915e-07,0.010521504147607658,859.9926391182265,95866.67059249135,31619.555149127744
248,wsi_009_stratifiad,249,Neuritic plaques,8448.0,440.0,9080.0,351.4945542172718,0.5483507177174912,432.32719308697284,0.9303964757709251,1.2517974879577216,5.788168269679915e-07,0.010521504147607658,304.31135267219474,79491.48484848485,35292.530303030304
249,wsi_009_stratifiad,250,Neuritic plaques,5579.0,368.0,5855.5,293.4619383419325,0.5176909680522642,634.6540194615814,0.9527794381350867,1.2539956700320642,5.788168269679915e-07,0.010521504147607658,304.31135267219474,79646.5471410647,35554.37202007528
250,wsi_009_stratifiad,251,Neuritic plaques,9120.0,464.0,10056.0,367.9718232160433,0.5323150453466653,459.9215049384273,0.9069212410501193,1.2609661140482942,5.788168269679915e-07,0.010521504147607658,1078.541757752609,80150.24561403508,36508.070175438595
251,wsi_009_stratifiad,252,Neuritic plaques,22299.0,796.0,24093.0,610.7776129961214,0.44225129783590567,1829.184165991099,0.9255385381646122,1.3032566732354265,5.788168269679915e-07,0.010521504147607658,794.7318672786407,82104.23272344051,37693.10738149693
252,wsi_009_stratifiad,253,Neuritic plaques,8939.0,438.0,9198.5,351.5618790176614,0.5855319265744909,855.7867470236761,0.9717888786215144,1.2458688673068454,5.788168269679915e-07,0.010521504147607658,1202.6167364834375,79511.01750755118,37700.889752768766
253,wsi_009_stratifiad,254,Neuritic plaques,22261.0,762.0,23247.5,589.1825368858168,0.48177536708594165,1826.5611091285316,0.9575653296053339,1.2933173546310912,5.788168269679915e-07,0.010521504147607658,791.5193302733896,81312.83246484883,37765.8010646422
254,wsi_009_stratifiad,255,Neuritic plaques,11895.0,532.0,12597.0,420.43082498637693,0.5281424135684689,1130.7573701164295,0.9442724458204335,1.2653686846516028,5.788168269679915e-07,0.010521504147607658,791.5193302733896,80624.18642286675,38156.0182849937
255,wsi_009_stratifiad,256,Neuritic plaques,17136.0,696.0,19552.0,517.7237890224671,0.4445297571666889,818.9510588701203,0.8764320785597381,1.3443461837327246,5.788168269679915e-07,0.010521504147607658,519.146652990085,82453.7086834734,38469.465919701215
256,wsi_009_stratifiad,257,Neuritic plaques,8064.0,416.0,8568.0,338.6195845141265,0.5855631277401094,386.79415431603337,0.9411764705882353,1.2285172477454427,5.788168269679915e-07,0.010521504147607658,421.46558546305766,82764.6507936508,38914.166666666664
257,wsi_009_stratifiad,258,Neuritic plaques,18496.0,648.0,19536.0,519.7832897331277,0.5535255460371591,728.0403388801323,0.9467649467649467,1.246673397932247,5.788168269679915e-07,0.010521504147607658,613.1681682876416,85155.04498269896,34990.74394463668
258,wsi_009_stratifiad,259,Neuritic plaques,6848.0,448.0,7952.0,327.6902079101537,0.4287632830792192,415.8320828933481,0.8611670020120724,1.3671449106066451,5.788168269679915e-07,0.010521504147607658,728.512405048099,85883.27102803739,35011.168224299065
259,wsi_009_stratifiad,260,Neuritic plaques,7712.0,472.0,8704.0,348.72791791099246,0.4350036366073773,438.14222943306913,0.8860294117647058,1.3534907180000164,5.788168269679915e-07,0.010521504147607658,392.7639452739269,84322.80497925311,35288.0
260,wsi_009_stratifiad,261,Neuritic plaques,11904.0,520.0,12680.0,408.8730739021749,0.5532177359220842,537.4557439155565,0.938801261829653,1.2717883206082992,5.788168269679915e-07,0.010521504147607658,392.7639452739269,83931.32795698925,35319.7688172043
261,wsi_009_stratifiad,262,Neuritic plaques,20072.0,646.0,20407.0,517.8269126040943,0.6044153374694892,1547.77091180616,0.9835840642916647,1.2475211007310094,5.788168269679915e-07,0.010521504147607658,232.40104328529515,85593.93144679155,35886.1549920287
262,wsi_009_stratifiad,263,Neuritic plaques,19722.0,666.0,20372.0,518.9292969767545,0.5587433407650705,1602.659691980506,0.96809346161398,1.2834118325561288,5.788168269679915e-07,0.010521504147607658,232.40104328529515,85445.79200892405,36065.22188419024
263,wsi_009_stratifiad,264,Neuritic plaques,11248.0,512.0,12120.0,396.2269394234277,0.5391942469418028,545.3805679689206,0.928052805280528,1.2921887662283644,5.788168269679915e-07,0.010521504147607658,381.7379672855034,85846.46657183499,36172.42389758179
264,wsi_009_stratifiad,265,Neuritic plaques,12450.0,506.0,12856.5,424.3309655353673,0.6110520167037905,968.4419141484462,0.9683817524209544,1.192465412844884,5.788168269679915e-07,0.010521504147607658,368.60997448922865,84695.79919678715,36194.26441767068
265,wsi_009_stratifiad,266,Neuritic plaques,35354.0,1086.0,41414.0,842.747973705277,0.3766940592473217,2172.031542475431,0.8536726710774134,1.2886414846246694,5.788168269679915e-07,0.010521504147607658,1023.7882865821198,83581.4082989195,36305.69980765967
266,wsi_009_stratifiad,267,Neuritic plaques,18067.0,662.0,18759.0,514.7121781253381,0.5180598431230711,1573.339679379791,0.963111040034117,1.2861556965897076,5.788168269679915e-07,0.010521504147607658,368.60997448922865,85056.31795538828,36271.07286765927
267,wsi_009_stratifiad,268,Neuritic plaques,11474.0,494.0,11925.5,415.0351804784551,0.5908412546884768,930.7516602413481,0.9621399522032619,1.1902605447338555,5.788168269679915e-07,0.010521504147607658,510.4150846247882,86790.25187380164,36380.854017779326
268,wsi_009_stratifiad,269,Neuritic plaques,9817.0,474.0,10245.0,380.40075104310375,0.5490753810872723,935.108895312336,0.958223523670083,1.2460543221858422,5.788168269679915e-07,0.010521504147607658,156.2256896099264,84498.98130793522,36760.48971172456
269,wsi_009_stratifiad,270,Neuritic plaques,14420.0,570.0,14864.5,466.870092341212,0.5577318075071076,1090.8070079964507,0.9700965387332234,1.2208963678560405,5.788168269679915e-07,0.010521504147607658,235.22762330172344,84728.65783633842,36811.290568654644
270,wsi_009_stratifiad,271,Neuritic plaques,13000.0,526.0,13375.5,418.0187310681503,0.5904480980882666,1079.9837669413166,0.9719262831296026,1.258316819095471,5.788168269679915e-07,0.010521504147607658,156.2256896099264,84496.60369230769,36916.69730769231
271,wsi_009_stratifiad,272,Neuritic plaques,51814.0,1082.0,53303.5,860.9628223186085,0.5561634740659679,3140.1704488126693,0.972056243961466,1.2567325463440213,5.788168269679915e-07,0.010521504147607658,312.41276640470727,86142.68462191685,37001.79748716563
272,wsi_009_stratifiad,273,Neuritic plaques,6254.0,370.0,6454.5,313.78454771685745,0.5740692609364665,624.3812590668556,0.9689364009605701,1.1791530293386798,5.788168269679915e-07,0.010521504147607658,255.9059960890542,84280.45059162137,37053.68532139431
273,wsi_009_stratifiad,274,Neuritic plaques,20352.0,642.0,20811.5,531.3842501385483,0.6205073095744361,1419.178024286739,0.9779208610623934,1.208165277447743,5.788168269679915e-07,0.010521504147607658,171.54710535027516,85852.46781643081,37117.451896619496
274,wsi_009_stratifiad,275,Neuritic plaques,6128.0,392.0,6792.0,305.23979219990764,0.501137020543478,358.78513003303476,0.9022379269729093,1.2842362300629249,5.788168269679915e-07,0.010521504147607658,430.7702009634672,85162.12532637076,37128.17232375979
275,wsi_009_stratifiad,276,Neuritic plaques,8254.0,416.0,8611.0,341.73570342679125,0.5993598780216843,729.7639960631587,0.9585414005342004,1.2173150063880231,5.788168269679915e-07,0.010521504147607658,472.9530718461183,86592.26447782893,37148.63944754058
276,wsi_009_stratifiad,277,Neuritic plaques,7470.0,396.0,7694.5,320.8571821846874,0.5986046608079726,716.7819600500918,0.9708233153551238,1.2341939716096488,5.788168269679915e-07,0.010521504147607658,171.54710535027516,85904.60294511379,37280.88487282463
277,wsi_009_stratifiad,278,Neuritic plaques,17770.0,652.0,18461.5,510.4861819386709,0.5252935889033331,1523.4890111651193,0.9625436719659832,1.2772138072844652,5.788168269679915e-07,0.010521504147607658,489.8399029779813,84775.78469330331,37429.310241980864
278,wsi_009_stratifiad,279,Neuritic plaques,12313.0,518.0,12610.5,407.3483351589076,0.57665255949749,1111.2175898251132,0.9764085484318623,1.2716389274008617,5.788168269679915e-07,0.010521504147607658,308.46579012493385,85412.43860147812,37478.75217250061
279,wsi_009_stratifiad,280,Neuritic plaques,14783.0,564.0,15077.0,440.6735841609335,0.5840018635634263,1281.5299089222897,0.9805000994892883,1.2798588802954611,5.788168269679915e-07,0.010521504147607658,308.46579012493385,85408.66275451532,37787.19485219509
280,wsi_009_stratifiad,281,Neuritic plaques,30905.0,1016.0,37605.5,746.2000103594634,0.37622807117301355,2715.398967994089,0.8218212761431174,1.361565245101735,5.788168269679915e-07,0.010521504147607658,475.91325117908104,83509.02247209189,38393.601536968126
281,wsi_009_stratifiad,282,Neuritic plaques,15071.0,588.0,15635.5,492.4693635762247,0.5477687871055089,1281.0397546000681,0.9638962617121295,1.1939829022663437,5.788168269679915e-07,0.010521504147607658,429.9897065535918,82968.6213589012,38535.633766836974
282,wsi_009_stratifiad,283,Neuritic plaques,21027.0,640.0,21363.0,527.1154737806189,0.6451002805374276,1426.896368593581,0.9842718719281,1.2141552123479544,5.788168269679915e-07,0.010521504147607658,475.91325117908104,83950.8080800875,38570.573001379176
283,wsi_009_stratifiad,284,Neuritic plaques,12536.0,524.0,12825.0,410.403551135797,0.5737283011683708,1129.3038932895106,0.9774658869395711,1.2767920709989555,5.788168269679915e-07,0.010521504147607658,494.39020178193147,84364.16520421187,38841.787970644546
284,wsi_009_stratifiad,285,Neuritic plaques,15815.0,614.0,16721.5,489.1425245428393,0.5271598405980178,1443.042278058208,0.9457883563077475,1.2552578628771942,5.788168269679915e-07,0.010521504147607658,165.8312689299066,89260.26604489409,35066.4883022447
285,wsi_009_stratifiad,286,Neuritic plaques,20432.0,680.0,21512.0,530.8292609957739,0.5552683485998845,821.4032196035457,0.9497954629973968,1.2810145369989574,5.788168269679915e-07,0.010521504147607658,656.4573759773035,90751.2560689115,35183.91386061081
286,wsi_009_stratifiad,287,Neuritic plaques,11562.0,488.0,12111.5,414.9081209547512,0.6101030344800655,882.0249964688367,0.9546298972051356,1.176164011629987,5.788168269679915e-07,0.010521504147607658,165.8312689299066,89385.37631897596,35175.3341982356
287,wsi_009_stratifiad,288,Neuritic plaques,8665.0,436.0,8810.0,351.4204584839992,0.5728032224424618,873.3030952563831,0.9835414301929626,1.2406790483424626,5.788168269679915e-07,0.010521504147607658,737.2319668463024,87709.20594345067,35304.628216964804
288,wsi_009_stratifiad,289,Neuritic plaques,5052.0,328.0,5241.0,268.2198531134551,0.5900998693462088,533.4547375537197,0.9639381797366915,1.2228774126621356,5.788168269679915e-07,0.010521504147607658,678.257584838443,88436.70269200316,35424.04117181314
289,wsi_009_stratifiad,290,Neuritic plaques,22875.0,694.0,23173.0,554.8638854659664,0.596831897539773,1680.7582070334868,0.9871402062745437,1.2507572004207648,5.788168269679915e-07,0.010521504147607658,510.4150846247882,87192.14861202186,36066.207278688526
290,wsi_009_stratifiad,291,Neuritic plaques,82544.0,1464.0,93206.0,1115.1394068212824,0.4839641822649151,4496.2726704453535,0.8856082226466108,1.3128403417947077,5.788168269679915e-07,0.010521504147607658,555.6236985248553,88846.36962105059,36382.82755863539
291,wsi_009_stratifiad,292,Neuritic plaques,16887.0,662.0,17778.0,508.7290441482551,0.4842240865013174,1464.5443822245747,0.9498818764765441,1.301282102161791,5.788168269679915e-07,0.010521504147607658,233.16618091818904,88239.0845324806,36307.32394741517
292,wsi_009_stratifiad,293,Neuritic plaques,25307.0,840.0,28214.0,619.0480254560329,0.4507045651042908,2077.828380844911,0.8969660452257744,1.3569221860956568,5.788168269679915e-07,0.010521504147607658,222.26137689438124,87759.77035997945,36408.091259335364
293,wsi_009_stratifiad,294,Neuritic plaques,17912.0,622.0,18253.0,491.23818307311836,0.5817992743158195,1458.23844013459,0.9813181394839204,1.266188218735062,5.788168269679915e-07,0.010521504147607658,233.16618091818904,88130.86483921393,36513.85473425636
294,wsi_009_stratifiad,295,Neuritic plaques,7432.0,414.0,7620.0,327.7672776558546,0.5448975845755873,769.185286239613,0.9753280839895013,1.2630913096660217,5.788168269679915e-07,0.010521504147607658,160.70744997333074,87870.97147470398,36600.53458019376
295,wsi_009_stratifiad,296,Neuritic plaques,10864.0,480.0,11504.0,388.73266871821176,0.5925392810520749,494.08391400134366,0.9443671766342142,1.2347817372353311,5.788168269679915e-07,0.010521504147607658,337.91173259956093,88401.68188512519,36715.9499263623
296,wsi_009_stratifiad,297,Neuritic plaques,9730.0,476.0,10125.0,379.5947512279249,0.5396457968969121,895.4353118420158,0.9609876543209876,1.2539688666932838,5.788168269679915e-07,0.010521504147607658,160.70744997333074,87829.77142857143,36755.87112024666
297,wsi_009_stratifiad,298,Neuritic plaques,41235.0,1106.0,48324.5,835.4055767381178,0.4236094198364833,2940.493276028844,0.8532938778466409,1.3239078488300633,5.788168269679915e-07,0.010521504147607658,411.3836532704298,88514.21177397842,37111.6436643628
298,wsi_009_stratifiad,299,Neuritic plaques,11616.0,552.0,12736.0,420.08712093458223,0.4790582370313359,609.1825974326392,0.9120603015075377,1.3140131474917551,5.788168269679915e-07,0.010521504147607658,656.4573759773035,91405.71349862259,35132.710743801654
299,wsi_009_stratifiad,300,Neuritic plaques,14256.0,624.0,15344.0,471.92100773047866,0.4600853146529431,716.587591144667,0.9290928050052137,1.3222551863094343,5.788168269679915e-07,0.010521504147607658,1136.5777207419617,81778.96520763187,40154.345679012345
300,wsi_009_stratifiad,301,Neuritic plaques,12663.0,508.0,12893.0,411.51457904987535,0.6166220437164044,1064.9876623397154,0.9821608624835182,1.2344641620544643,5.788168269679915e-07,0.010521504147607658,510.5860750427572,85315.972320935,39066.483021400934
301,wsi_009_stratifiad,302,Neuritic plaques,13233.0,550.0,13615.5,438.8853582625733,0.5497215945117849,1143.1493958692781,0.9719070177371378,1.253174638081569,5.788168269679915e-07,0.010521504147607658,326.14980417451943,82794.22334315725,39334.59347842515
302,wsi_009_stratifiad,303,Neuritic plaques,15184.0,610.0,16322.0,491.0315669756827,0.512786270917575,1294.6581583952452,0.930278152187232,1.2422826576243498,5.788168269679915e-07,0.010521504147607658,326.14980417451943,83114.74268967334,39394.934536354056
303,wsi_009_stratifiad,304,Neuritic plaques,7790.0,406.0,8040.0,333.4580089038292,0.5938752886860756,705.6832160405907,0.9689054726368159,1.217544605795005,5.788168269679915e-07,0.010521504147607658,482.709230076037,85045.23170731707,39499.37753530167
304,wsi_009_stratifiad,305,Neuritic plaques,5936.0,400.0,6518.5,313.8295069795817,0.4662123497927253,413.6304072261149,0.9106389506788372,1.2745774094021844,5.788168269679915e-07,0.010521504147607658,482.709230076037,84709.5454851752,39846.25353773585
305,wsi_009_stratifiad,306,Neuritic plaques,16064.0,664.0,18168.0,529.9361350963982,0.457854409087553,719.0889463724443,0.884191985909291,1.2529811726826572,5.788168269679915e-07,0.010521504147607658,257.28150868072,83163.20717131475,40139.15537848606
306,wsi_009_stratifiad,307,Neuritic plaques,10907.0,504.0,11268.0,395.1800092496549,0.5395778387613989,1040.2917142405838,0.9679623713170039,1.275368156797623,5.788168269679915e-07,0.010521504147607658,257.28150868072,82914.42518566058,40204.739662602
